{
  "type": "minecraft:geode",
  "config": {
    "blocks": {
      "alternate_inner_layer_provider": {
        "type": "minecraft:simple_state_provider",
        "state": {
          "Name": "immersiveores:vulpus_ore"
        }
      },
      "cannot_replace": "#minecraft:features_cannot_replace",
      "filling_provider": {
        "type": "minecraft:simple_state_provider",
        "state": {
          "Name": "minecraft:air"
        }
      },
      "inner_layer_provider": {
        "type": "minecraft:simple_state_provider",
        "state": {
          "Name": "minecraft:netherrack"
        }
      },
      "inner_placements": [
        {
          "Name": "immersiveores:vulpus_ore"
        },
        {
          "Name": "immersiveores:vulpus_block"
        }
      ],
      "invalid_blocks": "#minecraft:geode_invalid_blocks",
      "middle_layer_provider": {
        "type": "minecraft:simple_state_provider",
        "state": {
          "Name": "immersiveores:vulpus_block"
        }
      },
      "outer_layer_provider": {
        "type": "minecraft:simple_state_provider",
        "state": {
          "Name": "minecraft:nether_gold_ore"
        }
      }
    },
    "crack": {
      "base_crack_size": 1.5,
      "crack_point_offset": 1,
      "generate_crack_chance": 0.25
    },
    "distribution_points": {
      "type": "minecraft:uniform",
      "max_inclusive": 4,
      "min_inclusive": 2
    },
    "invalid_blocks_threshold": 1,
    "layers": {
      "filling": 2.1,
      "inner_layer": 2.0,
      "middle_layer": 1.6,
      "outer_layer": 3.0
    },
    "max_gen_offset": 125,
    "min_gen_offset": 0,
    "noise_multiplier": 0.075,
    "outer_wall_distance": {
      "type": "minecraft:uniform",
      "max_inclusive": 6,
      "min_inclusive": 3
    },
    "placements_require_layer0_alternate": true,
    "point_offset": {
      "type": "minecraft:uniform",
      "max_inclusive": 3,
      "min_inclusive": 1
    },
    "use_alternate_layer0_chance": 0.1,
    "use_potential_placements_chance": 0.5
  }
}